{
    "id": "mouthwash_hearts",
    "name": "Mouthwashing hearts texture pack",
    "author": [
        "Dexterity",
        "Art by Sandwhich"
    ],
    "description": "A skin for the hearts suit. Art made by Sandwhich",
    "prefix": "MW",
    "main_file": "mouthwashing.lua",
    "priority": 0,
    "badge_colour": "FF230A",
    "badge_text_colour": "ABC123",
    "display_name": "Mouthwashing",
    "version": "0.1.0",
    "dependencies": [
        "Steamodded (>=1.*)",
        "Lovely (>=0.6)"
    ],
    "dump_loc": false
}